Variant,Chromosome,Position,Gene,Known locus,Minor/major allele,MAF,OR,95% CI,P value
rs679515,1,207577223,CR1,CR1,T/C,0.188,1.13,1.11–1.15,7.2 × 10−46
rs6733839,2,127135234,BIN1,BIN1,T/C,0.389,1.17,1.16–1.19,6.1 × 10−118
rs10933431,2,233117202,INPP5D,INPP5D,G/C,0.234,0.93,0.92–0.95,3.6 × 10−18
rs6846529,4,11023507,CLNK,CLNK/HS3ST1,C/T,0.283,1.07,1.05–1.08,2.2 × 10−17
rs6605556,6,32615322,HLA-DQA1,HLA,G/A,0.161,0.91,0.90–0.93,7.1 × 10−20
rs10947943,6,41036354,UNC5CL,TREM2,A/G,0.142,0.94,0.93–0.96,1.1 × 10−9
rs143332484,6,41161469,TREM2,TREM2,T/C,0.013,1.41,1.32–1.50,2.8 × 10−25
rs75932628,6,41161514,TREM2,TREM2,T/C,0.003,2.39,2.09–2.73,2.5 × 10−37
rs60755019,6,41181270,TREML2,TREM2,G/A,0.004,1.55,1.33–1.80,2.1 × 10−8
rs7767350,6,47517390,CD2AP,CD2AP,T/C,0.271,1.08,1.06–1.09,7.9 × 10−22
rs6966331,7,37844191,EPDR1,NME8,T/C,0.349,0.96,0.94–0.97,4.6 × 10−10
rs7384878,7,100334426,SPDYE3,ZCWPW1/NYAP1,C/T,0.31,0.92,0.91–0.94,1.1 × 10−26
rs11771145,7,143413669,EPHA1,EPHA1,A/G,0.348,0.95,0.93–0.96,3.3 × 10−14
rs73223431,8,27362470,PTK2B,PTK2B,T/C,0.369,1.07,1.06–1.08,4.0 × 10−22
rs11787077,8,27607795,CLU,CLU,T/C,0.392,0.91,0.90–0.92,1.7 × 10−44
rs7912495,10,11676714,USP6NL,ECHDC3,G/A,0.462,1.06,1.05–1.08,9.7 × 10−19
rs10437655,11,47370397,SPI1,CELF1/SPI1,A/G,0.399,1.06,1.04–1.07,5.3 × 10−14
rs1582763,11,60254475,MS4A4A,MS4A,A/G,0.371,0.91,0.90–0.92,3.7 × 10−42
rs3851179,11,86157598,EED,PICALM,T/C,0.358,0.9,0.89–0.92,3.0 × 10−48
rs74685827,11,121482368,SORL1,SORL1,G/T,0.019,1.19,1.13–1.25,2.8 × 10−11
rs11218343,11,121564878,SORL1,SORL1,C/T,0.039,0.84,0.81–0.87,1.4 × 10−21
rs17125924,14,52924962,FERMT2,FERMT2,G/A,0.089,1.1,1.07–1.12,8.3 × 10−16
rs7401792,14,92464917,SLC24A4,SLC24A4/RIN3,G/A,0.371,1.04,1.02–1.05,4.8 × 10−8
rs12590654,14,92472511,SLC24A4,SLC24A4/RIN3,A/G,0.328,0.93,0.92–0.95,4.2 × 10−21
rs8025980,15,50701814,SPPL2A,SPPL2A,G/A,0.345,0.96,0.94–0.97,1.3 × 10−8
rs602602,15,58764824,MINDY2,ADAM10,A/T,0.28,0.94,0.93–0.96,2.1 × 10−15
rs117618017,15,63277703,APH1B,APH1B,T/C,0.144,1.11,1.09–1.13,2.2 × 10−25
rs889555,16,31111250,BCKDK,KAT8,T/C,0.281,0.95,0.94–0.97,2.0 × 10−11
rs4985556,16,70660097,IL34,IL34,A/C,0.115,1.07,1.05–1.09,6.0 × 10−10
rs12446759,16,81739398,PLCG2,PLCG2,G/A,0.403,0.95,0.94–0.96,1.2 × 10−13
rs72824905,16,81908423,PLCG2,PLCG2,G/C,0.008,0.74,0.68–0.81,8.5 × 10−12
rs7225151,17,5233752,SCIMP,SCIMP/RABEP1,A/G,0.124,1.08,1.05–1.10,4.1 × 10−13
rs199515,17,46779275,WNT3,MAPT,G/C,0.219,0.94,0.93–0.96,9.3 × 10−13
rs616338,17,49219935,ABI3,ABI3,T/C,0.012,1.32,1.23–1.42,2.8 × 10−14
rs2526377,17,58332680,TSPOAP1,TSPOAP1,G/A,0.445,0.95,0.94–0.97,1.6 × 10−12
rs4277405,17,63471557,ACE,ACE,C/T,0.384,0.94,0.93–0.95,8.8 × 10−20
rs12151021,19,1050875,ABCA7,ABCA7,A/G,0.336,1.1,1.09–1.12,1.6 × 10−37
rs6014724,20,56423488,CASS4,CASS4,G/A,0.09,0.89,0.87–0.91,4.1 × 10−21
rs2830489,21,26775872,ADAMTS1,ADAMTS1,T/C,0.281,0.95,0.94–0.97,1.7 × 10−10